primary_id,parent_id,type,subreddit,url,datetime,username,text_raw,text_clean,thematic_notes,final_theme,Search Entry,cluster
P001,P001,post,r/Headspace,https://www.reddit.com/r/Headspace/comments/1ouhw3t/focus_playlists_aluna/,2025-10-01,GirlGodd,"Focus Music Aluna Playlist
I canceled my subscription because i barely use the app (realize i prefer unguided meditations and all the extra stuff in the app takes forever to load sometimes) but looking for a way to listen to the focus music.

Love the Aluna Playlist in particular. Please if anyone knows where to find it on the web as a downloadable file",focus music aluna playlist i canceled my subscription because i barely use the app realize i prefer unguided meditations and all the extra stuff in the app takes forever to load sometimes but looking for a way to listen to the focus music love the aluna playlist in particular please if anyone knows where to find it on the web as a downloadable file,,,r/Headspace: focus playlist,2
P002,P002,post,r/Headspace,https://www.reddit.com/r/Headspace/comments/puqeqq/focus_musicplaylist_reccommendations/,2021-09-24,pizzzacones,"Focus music/playlist reccommendations
I've found Headspace's productivity/focus tip of listening to specific music for specific tasks really helpful.

However, I've found myself stuck on listening to Steady Stream or Breakthrough. I haven't found new ones I like by just testing them out randomly.

If you like the two above, do you have any other favorite music tracks or artist playlists? General recommendations work as well!",focus music playlist reccommendations i ve found headspace s productivity focus tip of listening to specific music for specific tasks really helpful however i ve found myself stuck on listening to steady stream or breakthrough i haven t found new ones i like by just testing them out randomly if you like the two above do you have any other favorite music tracks or artist playlists general recommendations work as well,,,r/Headspace: focus playlist,2
C002-01,P002,comment,r/Headspace,https://www.reddit.com/r/Headspace/comments/puqeqq/focus_musicplaylist_reccommendations/,2021-09-25,AdJunior7755,The one I listen to the most is the one from Shane Lindstrom.,the one i listen to the most is the one from shane lindstrom,,,r/Headspace: focus playlist,6
C002-02,P002,comment,r/Headspace,https://www.reddit.com/r/Headspace/comments/puqeqq/focus_musicplaylist_reccommendations/,2021-09-29,deleted user,Generally I really like electronic ambient stuff. Been listening to a lot of Brian Eno and also a friend of mine who makes super long ambient pieces on YouTube. https://youtube.com/channel/UCnjMTxSwjSkEzZ1XH82Y1nQ,generally i really like electronic ambient stuff been listening to a lot of brian eno and also a friend of mine who makes super long ambient pieces on youtube,,,r/Headspace: focus playlist,3
C002-03,P002,comment,r/Headspace,https://www.reddit.com/r/Headspace/comments/puqeqq/focus_musicplaylist_reccommendations/,2021-10-01,rasta-pasta12,I personally like soft and slow music to get me to focus,i personally like soft and slow music to get me to focus,,,r/Headspace: focus playlist,4
P003,P003,post,r/Headspace,https://www.reddit.com/r/Headspace/comments/ojiduv/focus_music/,2021-07-13,ExchangeOptimal,"Focus Music
How to make best out of Focus Music?
Is there any guide on how and when to effectively use Focus Music?",focus music how to make best out of focus music is there any guide on how and when to effectively use focus music,,,,2
C003-01,P003,comment,r/Headspace,https://www.reddit.com/r/Headspace/comments/ojiduv/focus_music/,2021-07-13,interactive-biscuit,I don’t think it’s that complicated. I just listen to it when I need to work. Fading Fog is my favorite. It does something to my brain. They’re all pretty good though.,i don t think it s that complicated i just listen to it when i need to work fading fog is my favorite it does something to my brain they re all pretty good though,,,r/Headspace: focus playlist,6
C003-02,P003,comment,r/Headspace,https://www.reddit.com/r/Headspace/comments/ojiduv/focus_music/,2021-07-16,pizzzacones,"I remember a tip they shared was to listen to different types of music with different sets of tasks so your brain starts to associate the music and focus together.

Like for times where I need to be creative, I have one playlist I always go back to but if it's more ""checking off tasks"", I have a separate playlist for that.",i remember a tip they shared was to listen to different types of music with different sets of tasks so your brain starts to associate the music and focus together like for times where i need to be creative i have one playlist i always go back to but if it s more checking off tasks i have a separate playlist for that,,,r/Headspace: focus playlist,4
C002-04,P002,comment,r/Headspace,https://www.reddit.com/r/Headspace/comments/puqeqq/focus_musicplaylist_reccommendations/,2021-10-26,abcbri,I listen to a podcast on Spotify called Focus Flow. It has built in Pomodoro breaks.,i listen to a podcast on spotify called focus flow it has built in pomodoro breaks,,,,1
P004,P004,post,r/Headspace,https://www.reddit.com/r/Headspace/comments/v7ojdw/steady_stream_focus_music/,2022-06-08,interactive-biscuit,"Steady Stream Focus Music
… gives me Stranger Things vibes. But also, great for focusing. I always start my workday with Focus Music. It’s my favorite part of Headspace.",steady stream focus music gives me stranger things vibes but also great for focusing i always start my workday with focus music it s my favorite part of headspace,,,r/Headspace: focus playlist,2
C004-01,P004,comment,r/Headspace,https://www.reddit.com/r/Headspace/comments/v7ojdw/steady_stream_focus_music/,2022-06-08,andisteezy,Focus music is my favorite! 2nd is sleep music!,focus music is my favorite nd is sleep music,,,r/Headspace: focus playlist,2
C004-02,P004,comment,r/Headspace,https://www.reddit.com/r/Headspace/comments/v7ojdw/steady_stream_focus_music/,2022-06-08,interactive-biscuit,Agree. Focus Music does something to my brain. The Sleep Music does too - I’m not someone who can easily nap but Doze? Well I’m nodding off to that!,agree focus music does something to my brain the sleep music does too i m not someone who can easily nap but doze well i m nodding off to that,,,r/Headspace: focus playlist,2
C004-03,P004,comment,r/Headspace,https://www.reddit.com/r/Headspace/comments/v7ojdw/steady_stream_focus_music/,2022-06-08,interactive-biscuit,"Do you have a favorite in the Focus category? I genuinely like them all, but my favorite is Fading Fog. That one is bizarre what it does to focus my mind!",do you have a favorite in the focus category i genuinely like them all but my favorite is fading fog that one is bizarre what it does to focus my mind,,,r/Headspace: focus playlist,2
C004-04,P004,comment,r/Headspace,https://www.reddit.com/r/Headspace/comments/v7ojdw/steady_stream_focus_music/,2022-06-09,andisteezy,"Oh wow that's tough. I love them all! Let me see... I have favorited nearly all of them, but I know some stand out more than others, for me:

Tina Guos Playlist

Star Power

Neon Drive

Steady Stream

Bounce Back

Making Space

Jazz Cat

Like Home",oh wow that s tough i love them all let me see i have favorited nearly all of them but i know some stand out more than others for me tina guos playlist star power neon drive steady stream bounce back making space jazz cat like home,,,r/Headspace: focus playlist,1
C004-05,P004,comment,r/Headspace,https://www.reddit.com/r/Headspace/comments/v7ojdw/steady_stream_focus_music/,2022-06-09,interactive-biscuit,"Wow yeah me too! Hard to pick. Off the top of my head I can say Neon Drive, Like Home, Jazz Cat stand out to me too! I also really like Deep Blue (I think this is the one that gets a little spooky) and Fading Fog which is hands down the best one for me to start the day with if I’m feeling foggy. It pulls me right out of it like magic. Really h haven’t had a bad experience with any of them and I think I’ve tried them all by now. So good.",wow yeah me too hard to pick off the top of my head i can say neon drive like home jazz cat stand out to me too i also really like deep blue i think this is the one that gets a little spooky and fading fog which is hands down the best one for me to start the day with if i m feeling foggy it pulls me right out of it like magic really h haven t had a bad experience with any of them and i think i ve tried them all by now so good,,,r/Headspace: focus playlist,1
C004-06,P004,comment,r/Headspace,https://www.reddit.com/r/Headspace/comments/v7ojdw/steady_stream_focus_music/,2022-06-09,andisteezy,"Yes I love Deep Blue! I'm going to give Fading Fog another go before my days end to see how it feels. It wasn't one I had previously favorited, but I like to revisit them all from time to time. Thank you for the suggestion!",yes i love deep blue i m going to give fading fog another go before my days end to see how it feels it wasn t one i had previously favorited but i like to revisit them all from time to time thank you for the suggestion,,,r/Headspace: focus playlist,4
P005,P005,post,r/Headspace,https://www.reddit.com/r/Headspace/comments/perj7x/focus_music_sebastian_tellier_playlist/,2021-08-30,interactive-biscuit,"Focus Music: Sebastian Tellier Playlist
If you like Twin Peaks, Grave of the Fireflies, and Peaky Blinders. Am I right?",focus music sebastian tellier playlist if you like twin peaks grave of the fireflies and peaky blinders am i right,,,r/Headspace: focus playlist,2
C005-01,P005,comment,r/Headspace,https://www.reddit.com/r/Headspace/comments/perj7x/focus_music_sebastian_tellier_playlist/,2022-09-28,refrigerador82,This focus music is the best! Perfect ambience.,this focus music is the best perfect ambience,,,r/Headspace: focus playlist,2
C005-02,P005,comment,r/Headspace,https://www.reddit.com/r/Headspace/comments/perj7x/focus_music_sebastian_tellier_playlist/,2022-09-28,interactive-biscuit,Completely agree. It’s like perfection. I try Apple Focus playlist and it’s also good but it’s not composed the same bizarrely good way the focus music is. It’s magical.,completely agree it s like perfection i try apple focus playlist and it s also good but it s not composed the same bizarrely good way the focus music is it s magical,,,r/Headspace: focus playlist,2
C005-03,P005,comment,r/Headspace,https://www.reddit.com/r/Headspace/comments/perj7x/focus_music_sebastian_tellier_playlist/,2022-09-29,interactive-biscuit,I think it was called Pure Focus. It’s a playlist they curate and add to weekly or so. It’s subpar compared to the Focus Music on Headspace though. You can find some of these on YouTube I think.,i think it was called pure focus it s a playlist they curate and add to weekly or so it s subpar compared to the focus music on headspace though you can find some of these on youtube i think,,,r/Headspace: focus playlist,2
P006,P006,post,r/Headspace,https://www.reddit.com/r/Headspace/comments/i85gdy/new_section_on_headspace_app_focus/,2020-08-12,wangbeatriz,"New section on headspace app: focus
I think that the new section is awesome and I am very excited to explore it a little bit more. I loved the idea of the playlists and I'm very happy with the update! :) I like the work from home part too. What did you guys think?",new section on headspace app focus i think that the new section is awesome and i am very excited to explore it a little bit more i loved the idea of the playlists and i m very happy with the update i like the work from home part too what did you guys think,,,r/Headspace: focus playlist,6
C006-01,P006,comment,r/Headspace,https://www.reddit.com/r/Headspace/comments/i85gdy/new_section_on_headspace_app_focus/,2020-08-12,GapLeap,"Oh, cool! I hadn’t noticed the Focus addition, but just went and looked. I’ll certainly make use of it. I usually listen to the Deep Focus playlist on Spotify when working, but it’s nice to have other options.",oh cool i hadn t noticed the focus addition but just went and looked i ll certainly make use of it i usually listen to the deep focus playlist on spotify when working but it s nice to have other options,,,r/Headspace: focus playlist,4
C006-02,P006,comment,r/Headspace,https://www.reddit.com/r/Headspace/comments/i85gdy/new_section_on_headspace_app_focus/,2020-08-12,wangbeatriz,I usually use Spotify too but today while working I used the focus John legend playlist and really liked it! Tomorrow I'll be trying the work from home meditations :) I'm happy they are adding stuff to headspace,i usually use spotify too but today while working i used the focus john legend playlist and really liked it tomorrow i ll be trying the work from home meditations i m happy they are adding stuff to headspace,,,r/Headspace: focus playlist,1
P007,P007,post,r/Headspace,https://www.reddit.com/r/Headspace/comments/otal7t/do_you_like_the_focus_music/,2021-07-28,deleted user,"Do you like the Focus Music?
I subscribed yesterday. I've been listening to ""Making Space"" for 25 minutes and I'm very impressed so far. It started louder than I expected, but past the 5-10 minute mark the music became a lot softer and rain was added in. So far it seems to be switching between different elements to avoid becoming repetitive.

With how good it seems to be working for me, I'm going to keep it a part of my work routine from now on. But I'm new and I'd love to hear more experienced users' thoughts on it! Do you like it? Does it work for you?",do you like the focus music i subscribed yesterday i ve been listening to making space for minutes and i m very impressed so far it started louder than i expected but past the minute mark the music became a lot softer and rain was added in so far it seems to be switching between different elements to avoid becoming repetitive with how good it seems to be working for me i m going to keep it a part of my work routine from now on but i m new and i d love to hear more experienced users thoughts on it do you like it does it work for you,,,r/Headspace: focus playlist,4
C007-01,P007,comment,r/Headspace,https://www.reddit.com/r/Headspace/comments/otal7t/do_you_like_the_focus_music/,2021-07-28,tumanow,Aluna's playlist is great.,aluna s playlist is great,,,r/Headspace: focus playlist,1
C007-02,P007,comment,r/Headspace,https://www.reddit.com/r/Headspace/comments/otal7t/do_you_like_the_focus_music/,2021-07-28,thissucks99,Day two for me here. I had the music going all day in my office. I work from home. It was amazing,day two for me here i had the music going all day in my office i work from home it was amazing,,,r/Headspace: focus playlist,1
C007-03,P007,comment,r/Headspace,https://www.reddit.com/r/Headspace/comments/otal7t/do_you_like_the_focus_music/,2021-07-28,interactive-biscuit,"I’m really into it. I think the person behind the music is John Legend, but I could be wrong. Anyway , the entire collection is great.

My favorite to start the day is Fading Fog.

I also really like Sebastian Teller’s playlist and Kindness’ playlist, but they’re all exceptionally good, in my opinion. They each have their own effect. It’s honestly so hard to pick favorites.

These playlists are really incredible to me. They’re not generally what I would consider “good sounding music”, but I feel like they’re scientifically composed to affect your brain waves. That’s how it feels to me anyway. There is nothing else quite like it out there and I’m a huge, huge fan.",i m really into it i think the person behind the music is john legend but i could be wrong anyway the entire collection is great my favorite to start the day is fading fog i also really like sebastian teller s playlist and kindness playlist but they re all exceptionally good in my opinion they each have their own effect it s honestly so hard to pick favorites these playlists are really incredible to me they re not generally what i would consider good sounding music but i feel like they re scientifically composed to affect your brain waves that s how it feels to me anyway there is nothing else quite like it out there and i m a huge huge fan,,,r/Headspace: focus playlist,6
C007-04,P007,comment,r/Headspace,https://www.reddit.com/r/Headspace/comments/otal7t/do_you_like_the_focus_music/,2021-07-29,deleted user,"Yeah, I also think there's some research behind the way the music is composed. It feels too impactful to be just random tracks mixed together.

I've used many other focus apps who excessively boast about their superior technology (Endel, Brain.fm) but Headspace's tracks have been my favourite so far.",yeah i also think there s some research behind the way the music is composed it feels too impactful to be just random tracks mixed together i ve used many other focus apps who excessively boast about their superior technology endel brain fm but headspace s tracks have been my favourite so far,,,r/Headspace: focus playlist,0
C007-05,P007,comment,r/Headspace,https://www.reddit.com/r/Headspace/comments/otal7t/do_you_like_the_focus_music/,2021-08-03,livertoo2,There is one I love; I think it’s called cafe piano and hubub or something similar. It’s basically ambient restaurant sounds and is super comforting to me!,there is one i love i think it s called cafe piano and hubub or something similar it s basically ambient restaurant sounds and is super comforting to me,,,r/Headspace: focus playlist,3
C007-06,P007,comment,r/Headspace,https://www.reddit.com/r/Headspace/comments/otal7t/do_you_like_the_focus_music/,2021-08-03,deleted user,"Wow, that's exactly the type of stuff I love! Thanks for telling me. I've been trying out the artist-specific playlists since I posted this, and so far I love Tina Guo's the most",wow that s exactly the type of stuff i love thanks for telling me i ve been trying out the artist specific playlists since i posted this and so far i love tina guo s the most,,,r/Headspace: focus playlist,0
P008,P008,post,r/Headspace,https://www.reddit.com/r/Headspace/comments/p9x4k8/does_anyone_have_a_good_description_of_the_focus/,2021-08-23,bubbiestruggles,"does anyone have a good description of the focus music?
something that might be a little more in depth than what's already provided. if you want to describe the genre and vibes of your faves, that works too! I'm a huge fan of Zoom Out and Fading Fog, but I want to try some others but I'm not sure about many of the featured artists available and I've started some playlists based on the description, only to find myself not that charmed by it and ending up going back to another. I would absolutely love a good chiptune playlist... any suggestions? faves?",does anyone have a good description of the focus music something that might be a little more in depth than what s already provided if you want to describe the genre and vibes of your faves that works too i m a huge fan of zoom out and fading fog but i want to try some others but i m not sure about many of the featured artists available and i ve started some playlists based on the description only to find myself not that charmed by it and ending up going back to another i would absolutely love a good chiptune playlist any suggestions faves,,,r/Headspace: focus playlist,0
C008-01,P008,comment,r/Headspace,https://www.reddit.com/r/Headspace/comments/p9x4k8/does_anyone_have_a_good_description_of_the_focus/,2021-08-23,c_nd_n,"I like Hans Zimmer's playlist. Even before headspace, Hans Zimmer soundtracks on YT have been background music for my studies.",i like hans zimmer s playlist even before headspace hans zimmer soundtracks on yt have been background music for my studies,,,r/Headspace: focus playlist,0
P009,P009,post,r/Headspace,https://www.reddit.com/r/Headspace/comments/11jx90n/focus_music_jazz_cat_is_superb_similar/,2023-03-06,PARTYPOISON,"Focus Music: 'Jazz Cat' is superb. Similar recommendations, please?
I've really been enjoying the Focus music 'Jazz Cat' whilst studying, it's a pleasant chill vibe, but perky enough not to send me to sleep. I particularly enjoy the piano parts.

Can anyone recommend any similar jazzy music for me to try? Without vocals, please, as I can't listen to words and write coherently at the same time. Thankyou! :)",focus music jazz cat is superb similar recommendations please i ve really been enjoying the focus music jazz cat whilst studying it s a pleasant chill vibe but perky enough not to send me to sleep i particularly enjoy the piano parts can anyone recommend any similar jazzy music for me to try without vocals please as i can t listen to words and write coherently at the same time thankyou,,,r/Headspace: focus playlist,2
C009-01,P009,comment,r/Headspace,https://www.reddit.com/r/Headspace/comments/11jx90n/focus_music_jazz_cat_is_superb_similar/,2023-03-25,Manateepiglet,On Spotify you could try their playlists “Jazz Vibes” “Smooth Jazz Chill” or “Lazy Jazz Cat” or “Cozy Jazz Cat” Hope this helps!,on spotify you could try their playlists jazz vibes smooth jazz chill or lazy jazz cat or cozy jazz cat hope this helps,,,r/Headspace: focus playlist,1
P010,P010,post,r/Headspace,https://www.reddit.com/r/Headspace/comments/r4nr2m/3d_soundscapes_for_focus_are_too_fastpaced/,2021-11-29,SkyShake97,"3D Soundscapes for Focus are too fast-paced!
Does anyone else also feel that the 3D soundscapes for focus, especially the water and rain ones, are too fast-paced and loud? Like guys, if I want a waterfall sound to focus, I picture a clear, slow and sluggish stream somewhere deep in a jungle, not the Niagara falls! The water 'moves' way too fast and is an actual distraction for me. Similar nature sounds on YouTube are way better, IMO.",d soundscapes for focus are too fast paced does anyone else also feel that the d soundscapes for focus especially the water and rain ones are too fast paced and loud like guys if i want a waterfall sound to focus i picture a clear slow and sluggish stream somewhere deep in a jungle not the niagara falls the water moves way too fast and is an actual distraction for me similar nature sounds on youtube are way better imo,,,r/Headspace: focus,6
c010-01,p010,comment,r/Headspace,https://www.reddit.com/r/Headspace/comments/r4nr2m/3d_soundscapes_for_focus_are_too_fastpaced/,2021-11-29,interactive-biscuit,Haven’t tried these yet but I’ll check it out today. It’s interesting though because I feel like their focus music and nap soundscapes are the work of science. The way they affect my brain is almost magical. So well done. I’d be lying if I said it wasn’t my favorite parts of Headspace.,haven t tried these yet but i ll check it out today it s interesting though because i feel like their focus music and nap soundscapes are the work of science the way they affect my brain is almost magical so well done i d be lying if i said it wasn t my favorite parts of headspace,,,r/Headspace: focus,2
p011,p011,post,r/Headspace,https://www.reddit.com/r/Headspace/comments/qfjcix/what_soundscapes_would_you_like/,2021-10-25,No-Craft-6123,"What soundscapes would you like?
Hey everyone, do you guys have any soundscapes ideas that you would really like to see added? I just thought about it because I’m listening soundscapes while studying and noticed that I would love a cafe soundscape or something more urban than what we have in the app. Do you guys have more suggestions?",what soundscapes would you like hey everyone do you guys have any soundscapes ideas that you would really like to see added i just thought about it because i m listening soundscapes while studying and noticed that i would love a cafe soundscape or something more urban than what we have in the app do you guys have more suggestions,,,r/Headspace: soundscape,3
c011-01,p011,comment,r/Headspace,https://www.reddit.com/r/Headspace/comments/qfjcix/what_soundscapes_would_you_like/,2021-10-26,nvmls,"I loved the laundromat one except that the high pitched noise always wakes me up so I gave up after two nights. I would love to have a running dishwasher one, a sort of mechanical rhythmic motor/sloshing water sound. mynoise.net used to have a laundromat noise similar to this but I can't find it anymore.",i loved the laundromat one except that the high pitched noise always wakes me up so i gave up after two nights i would love to have a running dishwasher one a sort of mechanical rhythmic motor sloshing water sound mynoise net used to have a laundromat noise similar to this but i can t find it anymore,,,r/Headspace: soundscape,4
c011-02,p011,comment,r/Headspace,https://www.reddit.com/r/Headspace/comments/qfjcix/what_soundscapes_would_you_like/,2021-11-05,privlko,Owl's Forest but with more owls.,owl s forest but with more owls,,,r/Headspace: soundscape,1
c011-03,p011,comment,r/Headspace,https://www.reddit.com/r/Headspace/comments/qfjcix/what_soundscapes_would_you_like/,2022-01-08,UniqueCaregiver310,Something with faster running water like a waterfall.,something with faster running water like a waterfall,,,r/Headspace: soundscape,3
p012,p012,post,r/Productivity,https://www.reddit.com/r/productivity/comments/1pp6jse/what_kind_of_music_helps_you_get_into_deep_focus/,2025-12-17,Apart-Brilliant8482,"What kind of music helps you get into deep focus?
I’ve been experimenting with different background sounds for deep work and programming. Lo-fi works sometimes, but I personally focus better with minimal ambient music and no beats. I made a short focus mix that I’ve been testing during 2–3 hour work blocks. Would love to know what kind of music or sound you use to stay focused.",what kind of music helps you get into deep focus i ve been experimenting with different background sounds for deep work and programming lo fi works sometimes but i personally focus better with minimal ambient music and no beats i made a short focus mix that i ve been testing during hour work blocks would love to know what kind of music or sound you use to stay focused,,,Headspace Focus Music,4
c012-01,p012,comment,r/Productivity,https://www.reddit.com/r/productivity/comments/1pp6jse/what_kind_of_music_helps_you_get_into_deep_focus/,2025-12-17,UCharlotte19,"In my case, I concentrate better with very minimalist background music or constant sounds. I prefer something without rhythm or distinct melodies, because that way I don't get distracted and can stay focused for longer",in my case i concentrate better with very minimalist background music or constant sounds i prefer something without rhythm or distinct melodies because that way i don t get distracted and can stay focused for longer,,,Headspace Focus Music,4
c012-02,p012,comment,r/Productivity,https://www.reddit.com/r/productivity/comments/1pp6jse/what_kind_of_music_helps_you_get_into_deep_focus/,2025-12-17,EmbarrassedManager65,lofi,lofi,,,Headspace Focus Music,5
c012-03,p012,comment,r/Productivity,https://www.reddit.com/r/productivity/comments/1pp6jse/what_kind_of_music_helps_you_get_into_deep_focus/,2025-12-17,savage_shaq,Instrumentals. Polyphia is my favorite band and their music makes me lock in.,instrumentals polyphia is my favorite band and their music makes me lock in,,,Headspace Focus Music,2
c012-04,p012,comment,r/Productivity,https://www.reddit.com/r/productivity/comments/1pp6jse/what_kind_of_music_helps_you_get_into_deep_focus/,2025-12-17,bloodninja5,"i literally cannot focus with lyrics or vocals but i swear by those ""rainy day coffee shop ambience"" videos on youtube. something about that background chatter actually helps my brain stay on track.",i literally cannot focus with lyrics or vocals but i swear by those rainy day coffee shop ambience videos on youtube something about that background chatter actually helps my brain stay on track,,,Headspace Focus Music,4
c012-05,p012,comment,r/Productivity,https://www.reddit.com/r/productivity/comments/1pp6jse/what_kind_of_music_helps_you_get_into_deep_focus/,2025-12-17,glupingane,"It depends on my mood and type of task.

Usually the absolute best is pure silence, but that can be really hard to accomplish in practice. 

I can get real good progress with some sort of grand/epic movie instrumental music mixes if the mood is right. 

Other times, super catchy stuff hits right, or just calm beats, or even just brown noise is great. 

One thing in common though, is never vocals. Vocals break my focus immediately ",it depends on my mood and type of task usually the absolute best is pure silence but that can be really hard to accomplish in practice i can get real good progress with some sort of grand epic movie instrumental music mixes if the mood is right other times super catchy stuff hits right or just calm beats or even just brown noise is great one thing in common though is never vocals vocals break my focus immediately,,,Headspace Focus Music,0
c012-06,p012,comment,r/Productivity,https://www.reddit.com/r/productivity/comments/1pp6jse/what_kind_of_music_helps_you_get_into_deep_focus/,2025-12-17,HomeworkScary2919,"I completely agree with you. Vocals are very distracting. That's why I made a 12-hour loop without vocals, without any abrupt transitions. I even optimized it for different purposes. 4 hours of Deep Focus, 4 hours of LoFi, and another 4 hours of ambient and zen mixed together.",i completely agree with you vocals are very distracting that s why i made a hour loop without vocals without any abrupt transitions i even optimized it for different purposes hours of deep focus hours of lofi and another hours of ambient and zen mixed together,,,Headspace Focus Music,4
c012-07,p012,comment,r/Productivity,https://www.reddit.com/r/productivity/comments/1pp6jse/what_kind_of_music_helps_you_get_into_deep_focus/,2025-12-17,Silver-Refuse-8098,"Chillstep. Got a few 1-2 hour mixes I keep going back to.

Been using for over 10 years and still works best compared to anything new I’ve tried.",chillstep got a few hour mixes i keep going back to been using for over years and still works best compared to anything new i ve tried,,,Headspace Focus Music,7
c012-08,p012,comment,r/Productivity,https://www.reddit.com/r/productivity/comments/1pp6jse/what_kind_of_music_helps_you_get_into_deep_focus/,2025-12-17,kat924,Nature sounds,nature sounds,,,Headspace Focus Music,4
c012-09,p012,comment,r/Productivity,https://www.reddit.com/r/productivity/comments/1pp6jse/what_kind_of_music_helps_you_get_into_deep_focus/,2025-12-17,NLong89,Hans Zimmer,hans zimmer,,,Headspace Focus Music,1
c012-10,p012,comment,r/Productivity,https://www.reddit.com/r/productivity/comments/1pp6jse/what_kind_of_music_helps_you_get_into_deep_focus/,2025-12-17,Need2SchColonoscopy,Anything I enjoy I’ve listened to enough times it fades into the background.,anything i enjoy i ve listened to enough times it fades into the background,,,Headspace Focus Music,4
c012-11,p012,comment,r/Productivity,https://www.reddit.com/r/productivity/comments/1pp6jse/what_kind_of_music_helps_you_get_into_deep_focus/,2025-12-17,saolima,"Vivaldi - for creative purposes, shamanic drums - for finishing boring things, Chopin - for routine",vivaldi for creative purposes shamanic drums for finishing boring things chopin for routine,,,Headspace Focus Music,0
c012-12,p012,comment,r/Productivity,https://www.reddit.com/r/productivity/comments/1pp6jse/what_kind_of_music_helps_you_get_into_deep_focus/,2025-12-17,designingclarity,Brain fm or lofi and some functional fragrance gets me into the zone.,brain fm or lofi and some functional fragrance gets me into the zone,,,Headspace Focus Music,5
c012-13,p012,comment,r/Productivity,https://www.reddit.com/r/productivity/comments/1pp6jse/what_kind_of_music_helps_you_get_into_deep_focus/,2025-12-18,AdCoSa,lofi,lofi,,,Headspace Focus Music,5
c012-14,p012,comment,r/Productivity,https://www.reddit.com/r/productivity/comments/1pp6jse/what_kind_of_music_helps_you_get_into_deep_focus/,2025-12-18,LazyCrab8688,Silence - I like to have the door open for the birds and breeze in the trees. Music just distracts me,silence i like to have the door open for the birds and breeze in the trees music just distracts me,,,Headspace Focus Music,2
c012-15,p012,comment,r/Productivity,https://www.reddit.com/r/productivity/comments/1pp6jse/what_kind_of_music_helps_you_get_into_deep_focus/,2025-12-18,honeymustrd,"other than lofi, my favorites are:

thunder storm

creaky wooden ship in a storm

train ride during a blizzard

vaporwave (favorite channels are Astral Throb and Odysseus)",other than lofi my favorites are thunder storm creaky wooden ship in a storm train ride during a blizzard vaporwave favorite channels are astral throb and odysseus,,,Headspace Focus Music,5
c012-16,p012,comment,r/Productivity,https://www.reddit.com/r/productivity/comments/1pp6jse/what_kind_of_music_helps_you_get_into_deep_focus/,2025-12-18,alisonsparks98,"Something that's super familiar to me and that I've listened to like a million times. That way, I can even put a song with lyrics in the background, and my mind won't get distracted because the song is already familiar. I guess familiarity is comforting to me.",something that s super familiar to me and that i ve listened to like a million times that way i can even put a song with lyrics in the background and my mind won t get distracted because the song is already familiar i guess familiarity is comforting to me,,,Headspace Focus Music,1
c012-17,p012,comment,r/Productivity,https://www.reddit.com/r/productivity/comments/1pp6jse/what_kind_of_music_helps_you_get_into_deep_focus/,2025-12-18,Mysterious-Eggz,"jazz chill cafe and if it's holiday szn like this, christmas jazz chill café",jazz chill cafe and if it s holiday szn like this christmas jazz chill caf,,,Headspace Focus Music,1
c012-18,p012,comment,r/Productivity,https://www.reddit.com/r/productivity/comments/1pp6jse/what_kind_of_music_helps_you_get_into_deep_focus/,2025-12-18,WolfHaley7,"christmas jazz, but it has to be specific bc if it’s jazz that like is too much i lack concentration",christmas jazz but it has to be specific bc if it s jazz that like is too much i lack concentration,,,Headspace Focus Music,1
c012-19,p012,comment,r/Productivity,https://www.reddit.com/r/productivity/comments/1pp6jse/what_kind_of_music_helps_you_get_into_deep_focus/,2025-12-18,TheLadyTechnician,Nature soundscapes. That's all I listen now.,nature soundscapes that s all i listen now,,,Headspace Focus Music,6
c012-20,p012,comment,r/Productivity,https://www.reddit.com/r/productivity/comments/1pp6jse/what_kind_of_music_helps_you_get_into_deep_focus/,2025-12-18,HomeworkScary2919,"I’m on the same boat. Lo-fi is great, but the percussion can sometimes break my flow during complex debugging.

I actually went down the rabbit hole and built a 12-hour seamless 'Zen Ambient' loop for my own sessions. No beats, just consistent textures to mask the background noise. I’ve been running it as a 24/7 stream called FLOW STATE lately.

For me, the key is 'predictability' — if the music doesn't change its energy for hours, my brain just stops 'hearing' it and stays in the zone. Have you tried combining ambient with brown noise? It’s a game changer.",i m on the same boat lo fi is great but the percussion can sometimes break my flow during complex debugging i actually went down the rabbit hole and built a hour seamless zen ambient loop for my own sessions no beats just consistent textures to mask the background noise i ve been running it as a stream called flow state lately for me the key is predictability if the music doesn t change its energy for hours my brain just stops hearing it and stays in the zone have you tried combining ambient with brown noise it s a game changer,,,Headspace Focus Music,4
c012-21,p012,comment,r/Productivity,https://www.reddit.com/r/productivity/comments/1pp6jse/what_kind_of_music_helps_you_get_into_deep_focus/,2025-12-18,Garoto_do_programa,Math rock,math rock,,,Headspace Focus Music,7
p013,p013,post,r/AnnieClark,https://www.reddit.com/r/AnnieClark/comments/1kpa0lb/started_using_headspace_app_last_couple_days_and/,2025-05-18,javierglz,"Started using Headspace app last couple days. And to my surprise, there's a St. Vincent curated playlist of focus music. It's quite good! Very atmospheric, very relaxing. I only wish the was a way to see the names of the tracks and artists.",started using headspace app last couple days and to my surprise there s a st vincent curated playlist of focus music it s quite good very atmospheric very relaxing i only wish the was a way to see the names of the tracks and artists,,,Headspace Focus Music,2
c013-01,p013,comment,r/AnnieClark,https://www.reddit.com/r/AnnieClark/comments/1kpa0lb/started_using_headspace_app_last_couple_days_and/,2025-05-18,Internal-Owl3882,I am pretty focused from It,i am pretty focused from it,,,Headspace Focus Music,4
p014,p014,post,r/Meditation,https://www.reddit.com/r/Meditation/comments/1hm71wh/overwhelmed_as_a_beginner_how_do_you_use/,2024-12-25,Key_Awareness_5818,"Overwhelmed as a Beginner: How Do You Use Headspace to Manage Anxiety, ADHD, and Focus?
Question ❓
Hi everyone,

I’ve just started my meditation journey and decided to try out Headspace. While I’ve heard great things about it, I’m honestly feeling overwhelmed by the sheer amount of content. It feels like everything is scattered, and I’m not sure where to begin or how to make sense of it all.

Here’s what I’m trying to achieve:

Manage my anxiety with mindfulness.

Build focus and clarity (I have ADHD).

Calm my thoughts and develop a steady meditation habit.

For those who’ve been in my shoes:

How did you get started with Headspace or similar apps?

Are there specific courses, techniques, or routines you’d recommend?

How do you stay consistent and track progress without getting overwhelmed?

I’d really appreciate your advice or tips on making mindfulness stick, especially if you’ve struggled with focus or anxiety like I do.

Thanks in advance! Your insights could make a big difference for me and other beginners here. ",overwhelmed as a beginner how do you use headspace to manage anxiety adhd and focus question hi everyone i ve just started my meditation journey and decided to try out headspace while i ve heard great things about it i m honestly feeling overwhelmed by the sheer amount of content it feels like everything is scattered and i m not sure where to begin or how to make sense of it all here s what i m trying to achieve manage my anxiety with mindfulness build focus and clarity i have adhd calm my thoughts and develop a steady meditation habit for those who ve been in my shoes how did you get started with headspace or similar apps are there specific courses techniques or routines you d recommend how do you stay consistent and track progress without getting overwhelmed i d really appreciate your advice or tips on making mindfulness stick especially if you ve struggled with focus or anxiety like i do thanks in advance your insights could make a big difference for me and other beginners here,,,Headspace Focus Music,0
c014-01,p014,comment,r/Meditation,https://www.reddit.com/r/Meditation/comments/1hm71wh/overwhelmed_as_a_beginner_how_do_you_use/,2024-12-25,Ola_mundo,"Are you married to Headspace? It's sort of the McDonalds of meditation apps imo. Really popular, but lacking nutrition.

I also have ADHD and anxiety and what you need isn't some simple breath mediations, though those are a great starting point. What you really need is a way to organize the mess that is your inner life, at least that's what it felt like for me. For that goal, nothing is better than Waking Up. They have an actual intro course that teaches you things. The Headspace intro program is the same meditation repeated 30x. It's insane how that passes for a course.",are you married to headspace it s sort of the mcdonalds of meditation apps imo really popular but lacking nutrition i also have adhd and anxiety and what you need isn t some simple breath mediations though those are a great starting point what you really need is a way to organize the mess that is your inner life at least that s what it felt like for me for that goal nothing is better than waking up they have an actual intro course that teaches you things the headspace intro program is the same meditation repeated x it s insane how that passes for a course,,,Headspace Focus Music,0
c014-02,p014,comment,r/Meditation,https://www.reddit.com/r/Meditation/comments/1hm71wh/overwhelmed_as_a_beginner_how_do_you_use/,2024-12-26,heardWorse,"Fellow ADHD’er. Headspace is nice for relaxation (which is not to be underrated!) but unlikely to be of much help in building clarity and focus, which is what we tend to need so badly. 

Someone else mentioned Sam Harris’s app, which is much better than much else in the way of apps. He will actually explain to you what you are doing and what you are doing. He teaches a practice called Vipassana. I personally prefer zazen for its simplicity. Sit. Inhale. Count 10 breaths. Watch the experience of breathing as closed as you can. If your attention strays, that’s ok - just come back to your breathing and let the thought go. If you forget the count, that’s ok. Start over at one. It’s literally practicing redirecting your attention to where it’s supposed to be.

This may not be a popular opinion, but I would seek medication if you don’t have it already. I could not make meditation a habit, or deep without it.",fellow adhd er headspace is nice for relaxation which is not to be underrated but unlikely to be of much help in building clarity and focus which is what we tend to need so badly someone else mentioned sam harris s app which is much better than much else in the way of apps he will actually explain to you what you are doing and what you are doing he teaches a practice called vipassana i personally prefer zazen for its simplicity sit inhale count breaths watch the experience of breathing as closed as you can if your attention strays that s ok just come back to your breathing and let the thought go if you forget the count that s ok start over at one it s literally practicing redirecting your attention to where it s supposed to be this may not be a popular opinion but i would seek medication if you don t have it already i could not make meditation a habit or deep without it,,,Headspace Focus Music,0
c014-03,p014,comment,r/Meditation,https://www.reddit.com/r/Meditation/comments/1hm71wh/overwhelmed_as_a_beginner_how_do_you_use/,2024-12-25,Serious_Finger6205,"Headspace didn’t work for me, honestly. If you’re looking to improve focus, I highly recommend the book (or audiobook) “The Attention Revolution”. Meditating first thing in the morning really helps with focus too. You’ll also want to cut back on distractions like endless scrolling, as they can negatively impact concentration.",headspace didn t work for me honestly if you re looking to improve focus i highly recommend the book or audiobook the attention revolution meditating first thing in the morning really helps with focus too you ll also want to cut back on distractions like endless scrolling as they can negatively impact concentration,,,Headspace Focus Music,0
p015,p015,post,r/EngineeringStudents,https://www.reddit.com/r/EngineeringStudents/comments/1c192f0/what_music_helps_you_study_and_focus/,2024-04-11,Willing-Historian290,"What music helps you study and focus?
Academic Advice
I'm curious to know what type of music you guys listen to when you study. Recently, I discovered Study Sonic Focus binaural beats, which really help me get my brain into gear, but sometimes I feel like the music is too relaxing, and I need something a little more upbeat. Don't get me wrong, I love the chill vibes, and they've really helped me avoid distractions.

I'm curious to know what you all listen to. Do you prefer chill ambient music or something a bit more fast-paced? If you have any recommendations, please let me know!",what music helps you study and focus academic advice i m curious to know what type of music you guys listen to when you study recently i discovered study sonic focus binaural beats which really help me get my brain into gear but sometimes i feel like the music is too relaxing and i need something a little more upbeat don t get me wrong i love the chill vibes and they ve really helped me avoid distractions i m curious to know what you all listen to do you prefer chill ambient music or something a bit more fast paced if you have any recommendations please let me know,,,focus music,6
c015-01,p015,comment,r/EngineeringStudents,https://www.reddit.com/r/EngineeringStudents/comments/1c192f0/what_music_helps_you_study_and_focus/,2024-04-11,deleted user,Something not too complex or made to be a spectacle (which is why I never understand how people can study to classical lmfao. Though I love Claude DeBussy and Frederich Chopin). I go for calm piano jazz or lofi.,something not too complex or made to be a spectacle which is why i never understand how people can study to classical lmfao though i love claude debussy and frederich chopin i go for calm piano jazz or lofi,,,focus music,5
c015-02,p015,comment,r/EngineeringStudents,https://www.reddit.com/r/EngineeringStudents/comments/1c192f0/what_music_helps_you_study_and_focus/,2024-04-11,pinkphiloyd,"I have no idea how people can listen to music or television while they study. I need either dead, complete, absolute silence or, preferably, white noise that drowns anything else out.

I have a friend that studies in her car with the radio cranked. Whatever works for you, but it’s just incomprehensible to me that anyone could concentrate under those conditions.",i have no idea how people can listen to music or television while they study i need either dead complete absolute silence or preferably white noise that drowns anything else out i have a friend that studies in her car with the radio cranked whatever works for you but it s just incomprehensible to me that anyone could concentrate under those conditions,,,focus music,6
c015-03,p015,comment,r/EngineeringStudents,https://www.reddit.com/r/EngineeringStudents/comments/1c192f0/what_music_helps_you_study_and_focus/,2024-04-11,Willing-Historian290,"I can rarely find complete silence! I cant study in my dorm as I find working in my bedroom depressing! I will maybe give white noise a go though. Maybe you should try binaural beats to help you out, you might find it useful.",i can rarely find complete silence i cant study in my dorm as i find working in my bedroom depressing i will maybe give white noise a go though maybe you should try binaural beats to help you out you might find it useful,,,focus music,6
c015-04,p015,comment,r/EngineeringStudents,https://www.reddit.com/r/EngineeringStudents/comments/1c192f0/what_music_helps_you_study_and_focus/,2024-04-11,Teddy547,"I listen to videogame soundtracks I like. Also some film music. Purely instrumental stuff, otherwise I get distracted by it.",i listen to videogame soundtracks i like also some film music purely instrumental stuff otherwise i get distracted by it,,,focus music,7
c015-05,p015,comment,r/EngineeringStudents,https://www.reddit.com/r/EngineeringStudents/comments/1c192f0/what_music_helps_you_study_and_focus/,2024-04-11,Agitated-Rope-4302,I like to listen to like Legend of Zelda Lofi.,i like to listen to like legend of zelda lofi,,,focus music,5
c015-06,p015,comment,r/EngineeringStudents,https://www.reddit.com/r/EngineeringStudents/comments/1c192f0/what_music_helps_you_study_and_focus/,2024-04-11,Polaristical,Stardew Valley Playlist by ConcernedApe,stardew valley playlist by concernedape,,,focus music,1
c015-07,p015,comment,r/EngineeringStudents,https://www.reddit.com/r/EngineeringStudents/comments/1c192f0/what_music_helps_you_study_and_focus/,2024-04-11,deleted user,"Literally every good music you like

Coming from an ADHDer that can’t study without music on & I listen to all kinds of music frankly and it’s working!",literally every good music you like coming from an adhder that can t study without music on i listen to all kinds of music frankly and it s working,,,focus music,6
c015-08,p015,comment,r/EngineeringStudents,https://www.reddit.com/r/EngineeringStudents/comments/1c192f0/what_music_helps_you_study_and_focus/,2024-04-11,papixsupreme12,"Wave music, hardcore dubstep, trance, EDM etc. basically anything to drown out the voices in my head",wave music hardcore dubstep trance edm etc basically anything to drown out the voices in my head,,,focus music,2
c015-09,p015,comment,r/EngineeringStudents,https://www.reddit.com/r/EngineeringStudents/comments/1c192f0/what_music_helps_you_study_and_focus/,2024-04-11,MuffinKingStudios,"Definitely use the electronic trance music when I need to buckle down. Classic rock and blues instrumentals work slight less well.

Pretty much anything with lyrics or words in it distracts",definitely use the electronic trance music when i need to buckle down classic rock and blues instrumentals work slight less well pretty much anything with lyrics or words in it distracts,,,focus music,4
c015-10,p015,comment,r/EngineeringStudents,https://www.reddit.com/r/EngineeringStudents/comments/1c192f0/what_music_helps_you_study_and_focus/,2024-04-11,clutchengaged84,I like to have king of the hill or adventure time playing in the background. I’m 40 lol,i like to have king of the hill or adventure time playing in the background i m lol,,,focus music,1
c015-11,p015,comment,r/EngineeringStudents,https://www.reddit.com/r/EngineeringStudents/comments/1c192f0/what_music_helps_you_study_and_focus/,2024-04-11,Diabolical_Laughter7,J-Pop or Death Metal,j pop or death metal,,,focus music,1
c015-12,p015,comment,r/EngineeringStudents,https://www.reddit.com/r/EngineeringStudents/comments/1c192f0/what_music_helps_you_study_and_focus/,2024-04-11,Someguy242blue,Nujabes,nujabes,,,focus music,1
c015-13,p015,comment,r/EngineeringStudents,https://www.reddit.com/r/EngineeringStudents/comments/1c192f0/what_music_helps_you_study_and_focus/,2024-04-11,CharmingCar813,"to start i listen to frequencies. it does something to ease my ADHD mind, during, i really do enjoy spanish salsa music, because of the rhythm and i don’t know spanish, so it’s easy to tune it out.",to start i listen to frequencies it does something to ease my adhd mind during i really do enjoy spanish salsa music because of the rhythm and i don t know spanish so it s easy to tune it out,,,focus music,7
c015-14,p015,comment,r/EngineeringStudents,https://www.reddit.com/r/EngineeringStudents/comments/1c192f0/what_music_helps_you_study_and_focus/,2024-04-11,United-Confection697,"Oppenheimer sound track. Don’t knock it till you try it. Helped me grind out a whole Rankine Cycle lab report in one sitting.

Edit: There’s no words, so I find that really really helps me think clear while also having some tunes blast through my ear drums.",oppenheimer sound track don t knock it till you try it helped me grind out a whole rankine cycle lab report in one sitting edit there s no words so i find that really really helps me think clear while also having some tunes blast through my ear drums,,,focus music,6
c015-15,p015,comment,r/EngineeringStudents,https://www.reddit.com/r/EngineeringStudents/comments/1c192f0/what_music_helps_you_study_and_focus/,2024-04-11,caty0325,"I listen to loud hip hop radio or video game OSTs, depending on what I’m in the mood for.",i listen to loud hip hop radio or video game osts depending on what i m in the mood for,,,focus music,6
c015-16,p015,comment,r/EngineeringStudents,https://www.reddit.com/r/EngineeringStudents/comments/1c192f0/what_music_helps_you_study_and_focus/,2024-04-11,MeatSuitRiot,Classical guitar or acapella,classical guitar or acapella,,,focus music,7
c015-17,p015,comment,r/EngineeringStudents,https://www.reddit.com/r/EngineeringStudents/comments/1c192f0/what_music_helps_you_study_and_focus/,2024-04-11,MirchalChef,Pure tone binaural beats are great for study and focus. Check MIRCHAL CHEF SOUND WORKS in youtube,pure tone binaural beats are great for study and focus check mirchal chef sound works in youtube,,,focus music,6
c015-18,p015,comment,r/EngineeringStudents,https://www.reddit.com/r/EngineeringStudents/comments/1c192f0/what_music_helps_you_study_and_focus/,2024-04-11,GonzoElTaco,"I've been using Mr.SuicideSheep's playlist on YouTube. He has a couple of +1 hour cyberpunk synth wave music. I'll throw that on and have a playlist of his three volumes so I don't mess with it much.

For me, I can't read or study very well with music with lyrics. So, I go for music that doesn't have it and put them on repeat.",i ve been using mr suicidesheep s playlist on youtube he has a couple of hour cyberpunk synth wave music i ll throw that on and have a playlist of his three volumes so i don t mess with it much for me i can t read or study very well with music with lyrics so i go for music that doesn t have it and put them on repeat,,,focus music,6
c015-19,p015,comment,r/EngineeringStudents,https://www.reddit.com/r/EngineeringStudents/comments/1c192f0/what_music_helps_you_study_and_focus/,2024-04-11,iron-niffler,"Video game/movie soundtracks; Zelda, Hollow Knight, Ori and some of the Iron Man ""lab scene"" tracks",video game movie soundtracks zelda hollow knight ori and some of the iron man lab scene tracks,,,focus music,7
c015-20,p015,comment,r/EngineeringStudents,https://www.reddit.com/r/EngineeringStudents/comments/1c192f0/what_music_helps_you_study_and_focus/,2024-04-11,123Eurydice,I have one playlist that I’ve listened to so many times it no longer registers as anything. It’s mostly pop and I can sing along without any brain power and it makes studying more fun.,i have one playlist that i ve listened to so many times it no longer registers as anything it s mostly pop and i can sing along without any brain power and it makes studying more fun,,,focus music,1
c015-21,p015,comment,r/EngineeringStudents,https://www.reddit.com/r/EngineeringStudents/comments/1c192f0/what_music_helps_you_study_and_focus/,2024-04-11,Such-Travel-3759,"Brain wave, I know it is fake science, but I feel good reading the promising title and feel calm and concentrated.",brain wave i know it is fake science but i feel good reading the promising title and feel calm and concentrated,,,focus music,6
c015-22,p015,comment,r/EngineeringStudents,https://www.reddit.com/r/EngineeringStudents/comments/1c192f0/what_music_helps_you_study_and_focus/,2024-04-11,ThyEpicGamer,"Look up macroblank. His covers are sic, the music is a dark jungley jazz vibe and really gets me jnto the flow state no matter what im doing.
",look up macroblank his covers are sic the music is a dark jungley jazz vibe and really gets me jnto the flow state no matter what im doing,,,focus music,1
c015-23,p015,comment,r/EngineeringStudents,https://www.reddit.com/r/EngineeringStudents/comments/1c192f0/what_music_helps_you_study_and_focus/,2024-04-11,deleted user,"Honestly, Mario Kart wii music. Gaming music, in general, is good for studying because it's designed to help people go through tasks and adventures. Halo music is also good for this.",honestly mario kart wii music gaming music in general is good for studying because it s designed to help people go through tasks and adventures halo music is also good for this,,,focus music,2
c015-24,p015,comment,r/EngineeringStudents,https://www.reddit.com/r/EngineeringStudents/comments/1c192f0/what_music_helps_you_study_and_focus/,2024-04-11,thelonliestcrowd,Look up Lofi girl on YouTube. They have a 24/7 playlist that got me through college.,look up lofi girl on youtube they have a playlist that got me through college,,,focus music,5
c015-25,p015,comment,r/EngineeringStudents,https://www.reddit.com/r/EngineeringStudents/comments/1c192f0/what_music_helps_you_study_and_focus/,2024-04-11,_Jazzles_,I like to listen to this one guy called Kalaman. His stuff is chill electronic with some ethic vibes. I use Spotify so i often listen to the Kalaman radio to get similar artists.,i like to listen to this one guy called kalaman his stuff is chill electronic with some ethic vibes i use spotify so i often listen to the kalaman radio to get similar artists,,,focus music,6
c015-26,p015,comment,r/EngineeringStudents,https://www.reddit.com/r/EngineeringStudents/comments/1c192f0/what_music_helps_you_study_and_focus/,2024-04-11,Realistic_Clerk_9324,House dance live sets,house dance live sets,,,focus music,1
c015-27,p015,comment,r/EngineeringStudents,https://www.reddit.com/r/EngineeringStudents/comments/1c192f0/what_music_helps_you_study_and_focus/,2024-04-11,rfag57,Classical string music for sure,classical string music for sure,,,focus music,2
c015-28,p015,comment,r/EngineeringStudents,https://www.reddit.com/r/EngineeringStudents/comments/1c192f0/what_music_helps_you_study_and_focus/,2024-04-11,ConfusedAce21,The Mario Kart Wii soundtrack worked for me,the mario kart wii soundtrack worked for me,,,focus music,1
c015-29,p015,comment,r/EngineeringStudents,https://www.reddit.com/r/EngineeringStudents/comments/1c192f0/what_music_helps_you_study_and_focus/,2024-04-11,Jeff10w25,jpop/jrock or classical music,jpop jrock or classical music,,,focus music,2
c015-30,p015,comment,r/EngineeringStudents,https://www.reddit.com/r/EngineeringStudents/comments/1c192f0/what_music_helps_you_study_and_focus/,2024-04-11,Alvinshotju1cebox,"Dreamhop, Lofi Vibes, and Lofi Girl are my go to Youtube channels for studying. I agree with others here to go with something non-lyrical.

The Stardew Valley OST also slaps.",dreamhop lofi vibes and lofi girl are my go to youtube channels for studying i agree with others here to go with something non lyrical the stardew valley ost also slaps,,,focus music,5
c015-31,p015,comment,r/EngineeringStudents,https://www.reddit.com/r/EngineeringStudents/comments/1c192f0/what_music_helps_you_study_and_focus/,2024-04-11,Rak3nnus,Ambient and 90s hip hop. I do generally like 90s hip hop but there is rarely a moment where I rather listen to old hip hop than new trap and hip hop. Besides when I’m studying/working. MF DOOM and DMX make me crazy productive. I get into a really good flow this way.,ambient and s hip hop i do generally like s hip hop but there is rarely a moment where i rather listen to old hip hop than new trap and hip hop besides when i m studying working mf doom and dmx make me crazy productive i get into a really good flow this way,,,focus music,3
c015-32,p015,comment,r/EngineeringStudents,https://www.reddit.com/r/EngineeringStudents/comments/1c192f0/what_music_helps_you_study_and_focus/,2024-04-11,OoglieBooglie93,I went balls to the wall with speedcore and hardcore techno when I needed to crank out a bunch of drawings in a week at work.,i went balls to the wall with speedcore and hardcore techno when i needed to crank out a bunch of drawings in a week at work,,,focus music,1
c015-33,p015,comment,r/EngineeringStudents,https://www.reddit.com/r/EngineeringStudents/comments/1c192f0/what_music_helps_you_study_and_focus/,2024-04-12,Low-Complex-5168,It’s jungle dnb or break core music for me. Always has been + lofi,it s jungle dnb or break core music for me always has been lofi,,,focus music,5
c015-34,p015,comment,r/EngineeringStudents,https://www.reddit.com/r/EngineeringStudents/comments/1c192f0/what_music_helps_you_study_and_focus/,2024-04-12,deleted user,"Very light music when I'm starting out or need motivation

If I'm cramming or on a tight deadline, I'll occasionally play a certain song I like on repeat. Half the time, I just turn it off completely for the last hour of my study. 

Music almost feels like drugs sometimes for working (I've never done drugs lol) so I don't rely on it.",very light music when i m starting out or need motivation if i m cramming or on a tight deadline i ll occasionally play a certain song i like on repeat half the time i just turn it off completely for the last hour of my study music almost feels like drugs sometimes for working i ve never done drugs lol so i don t rely on it,,,focus music,6
c015-35,p015,comment,r/EngineeringStudents,https://www.reddit.com/r/EngineeringStudents/comments/1c192f0/what_music_helps_you_study_and_focus/,2024-04-12,exurl,"Playlist 1: Minecraft soundtrack (minus the weird ones)

Playlist 2: coconut mall and infinite realm of incomprehensible suffering",playlist minecraft soundtrack minus the weird ones playlist coconut mall and infinite realm of incomprehensible suffering,,,focus music,1
c015-36,p015,comment,r/EngineeringStudents,https://www.reddit.com/r/EngineeringStudents/comments/1c192f0/what_music_helps_you_study_and_focus/,2024-04-12,Ghosteen_18,"I study with classical when im trying to understand concepts, i just attach the concept flow to the Melody.
When i understood the concept and just trying to drill exercises i blast the nightclub EDM",i study with classical when im trying to understand concepts i just attach the concept flow to the melody when i understood the concept and just trying to drill exercises i blast the nightclub edm,,,focus music,0
c015-37,p015,comment,r/EngineeringStudents,https://www.reddit.com/r/EngineeringStudents/comments/1c192f0/what_music_helps_you_study_and_focus/,2024-04-12,JustKozi,Doom soundtrack or lofi no in between,doom soundtrack or lofi no in between,,,focus music,5
c015-38,p015,comment,r/EngineeringStudents,https://www.reddit.com/r/EngineeringStudents/comments/1c192f0/what_music_helps_you_study_and_focus/,2024-04-12,deleted user,"Whatever is in my playlist. Just today i listened Nina Simone-I'm feeling good, Frank Sinatra-That's life and some random NCS-ass song on repeat for hours while i was doing my homework.

Sometimes i'd get genuinely overwhelmed and mute the music until i'm done or until i get bored again. Some other times i can't put full focus on what i'm doing unless i got some music on so as to isolate myself from the rest of the world for a moment.",whatever is in my playlist just today i listened nina simone i m feeling good frank sinatra that s life and some random ncs ass song on repeat for hours while i was doing my homework sometimes i d get genuinely overwhelmed and mute the music until i m done or until i get bored again some other times i can t put full focus on what i m doing unless i got some music on so as to isolate myself from the rest of the world for a moment,,,focus music,0
c015-39,p015,comment,r/EngineeringStudents,https://www.reddit.com/r/EngineeringStudents/comments/1c192f0/what_music_helps_you_study_and_focus/,2024-04-12,Physical-Light-9471,"Dean Martin’s Italian love songs album, Al Green’s greatest hits, Living Colour’s Stain, White Stripes De Stijl, or Strokes Is this it. Depends on what DEFCON I’m on.",dean martin s italian love songs album al green s greatest hits living colour s stain white stripes de stijl or strokes is this it depends on what defcon i m on,,,focus music,1
c015-40,p015,comment,r/EngineeringStudents,https://www.reddit.com/r/EngineeringStudents/comments/1c192f0/what_music_helps_you_study_and_focus/,2024-04-12,InsurmountableMind,"If there is music on, I just start to pay attention to all the details in the song and lose all my focus on the study subject. White noise, rain preferred.",if there is music on i just start to pay attention to all the details in the song and lose all my focus on the study subject white noise rain preferred,,,focus music,6
c015-41,p015,comment,r/EngineeringStudents,https://www.reddit.com/r/EngineeringStudents/comments/1c192f0/what_music_helps_you_study_and_focus/,2024-04-12,Snoo-46809,Usually boss fight music osts. Or combat. Since they usually elevate my heartbeat or intense classical music. I really can't with chill/relax music since they slow me down and I study slow because of it,usually boss fight music osts or combat since they usually elevate my heartbeat or intense classical music i really can t with chill relax music since they slow me down and i study slow because of it,,,focus music,6
c015-42,p015,comment,r/EngineeringStudents,https://www.reddit.com/r/EngineeringStudents/comments/1c192f0/what_music_helps_you_study_and_focus/,2024-04-12,CarbonBasedLifeForm6,If I'm studying I mostly listen to Epic Rap Battles Of History or Chill Carti remixes on repeat. By studying I mean just practicing problems not reading,if i m studying i mostly listen to epic rap battles of history or chill carti remixes on repeat by studying i mean just practicing problems not reading,,,focus music,6
c015-43,p015,comment,r/EngineeringStudents,https://www.reddit.com/r/EngineeringStudents/comments/1c192f0/what_music_helps_you_study_and_focus/,2024-04-12,GuitarDean2294,"this might sound a little strange, but I tried listening to the muzak instrumentals that are played at the WTC plaza, and it actually helped me focus and ended up getting a good review done",this might sound a little strange but i tried listening to the muzak instrumentals that are played at the wtc plaza and it actually helped me focus and ended up getting a good review done,,,focus music,6
p016,p016,post,r/ADHD,https://www.reddit.com/r/ADHD/comments/1hygpbp/for_those_of_you_who_listen_to_music_to_help_you/,2025-01-10,iametron,"For those of you who listen to music to help you focus
Questions/Advice
What do you listen to that isn’t over-bearing? With / without lyrics? Low volume? Any specific artists or genres that work best for you?

Loud and with lyrics is usually hard for me so I find myself putting on some Lofi lounge / chill beats on Digitally Imported. Calms the mind and keeps the motivation going. However, on occasion some really good uplifting drum n bass is good if I need to kickstart my brain and tap into more speed without the ping ponging effect.

Certain sounds are distracting or irritating. Very sensitive to sounds in voices or instruments. Classical or literally anything from Pearl Jam is like ear torture even when not trying to be productive.

Curious what others listen to that helps?",for those of you who listen to music to help you focus questions advice what do you listen to that isn t over bearing with without lyrics low volume any specific artists or genres that work best for you loud and with lyrics is usually hard for me so i find myself putting on some lofi lounge chill beats on digitally imported calms the mind and keeps the motivation going however on occasion some really good uplifting drum n bass is good if i need to kickstart my brain and tap into more speed without the ping ponging effect certain sounds are distracting or irritating very sensitive to sounds in voices or instruments classical or literally anything from pearl jam is like ear torture even when not trying to be productive curious what others listen to that helps,,,focus music,6
c016-01,p016,comment,r/ADHD,https://www.reddit.com/r/ADHD/comments/1hygpbp/for_those_of_you_who_listen_to_music_to_help_you/,2025-01-10,TriflePrestigious885,"Binaural beats when I need to think and process.

Metal or EDM for working through repetitive or tedious tasks and production style work.

Instrumental soundtracks, classical music, bluegrass, classic rock, and a variety of other stuff for just about anything else or when I’m just in the mood for something different.

I do find that listening to music in other languages helps prevent getting distracted by lyrics when I’m craving a certain genre or style.",binaural beats when i need to think and process metal or edm for working through repetitive or tedious tasks and production style work instrumental soundtracks classical music bluegrass classic rock and a variety of other stuff for just about anything else or when i m just in the mood for something different i do find that listening to music in other languages helps prevent getting distracted by lyrics when i m craving a certain genre or style,,,focus music,4
c016-02,p016,comment,r/ADHD,https://www.reddit.com/r/ADHD/comments/1hygpbp/for_those_of_you_who_listen_to_music_to_help_you/,2025-01-10,United_Entrepreneur6,I can only listen to brown noise playlists to focus lol everything else is just too distracting for me unfortunately,i can only listen to brown noise playlists to focus lol everything else is just too distracting for me unfortunately,,,focus music,6
c016-03,p016,comment,r/ADHD,https://www.reddit.com/r/ADHD/comments/1hygpbp/for_those_of_you_who_listen_to_music_to_help_you/,2025-01-10,BIRD_II,"Video game soundtracks or classical music (Debussy and bach are my favourites), both function well as background noise, especially because in the case of most video game music it's made specifically to be background noise.",video game soundtracks or classical music debussy and bach are my favourites both function well as background noise especially because in the case of most video game music it s made specifically to be background noise,,,focus music,4
c016-04,p016,comment,r/ADHD,https://www.reddit.com/r/ADHD/comments/1hygpbp/for_those_of_you_who_listen_to_music_to_help_you/,2025-01-10,choosingishard-,"Anime soundtracks, relaxing ones rather than loud j-pop style ones",anime soundtracks relaxing ones rather than loud j pop style ones,,,focus music,1
c016-05,p016,comment,r/ADHD,https://www.reddit.com/r/ADHD/comments/1hygpbp/for_those_of_you_who_listen_to_music_to_help_you/,2025-01-10,hipnotron,"I need it loud and intese... goth metal, doom, and powermetal and others metals works for me. And I need to learn the lyrics, wich I need to read to do it so because of adhd",i need it loud and intese goth metal doom and powermetal and others metals works for me and i need to learn the lyrics wich i need to read to do it so because of adhd,,,focus music,6
c016-06,p016,comment,r/ADHD,https://www.reddit.com/r/ADHD/comments/1hygpbp/for_those_of_you_who_listen_to_music_to_help_you/,2025-01-10,soccerandsoap,Brown noise! I even find white noise too strong,brown noise i even find white noise too strong,,,focus music,1
c016-07,p016,comment,r/ADHD,https://www.reddit.com/r/ADHD/comments/1hygpbp/for_those_of_you_who_listen_to_music_to_help_you/,2025-01-10,DescriptionLost8940,Emo music or lo-fi beats. The former for anything that doesn't involve writing or reading,emo music or lo fi beats the former for anything that doesn t involve writing or reading,,,focus music,4
c016-08,p016,comment,r/ADHD,https://www.reddit.com/r/ADHD/comments/1hygpbp/for_those_of_you_who_listen_to_music_to_help_you/,2025-01-11,sarcastic_chad62,"For study concentration i listen to video game music along with other instrumental/classical music. Sometimes i just put on a single song and play it on loop throughout the task. When i am doing tasks which do not require much concentration, such as bathing, working out or cooking i just put on any of my fav playlists and i like to sing along it.

I need music for everything practically. Cant survive without it",for study concentration i listen to video game music along with other instrumental classical music sometimes i just put on a single song and play it on loop throughout the task when i am doing tasks which do not require much concentration such as bathing working out or cooking i just put on any of my fav playlists and i like to sing along it i need music for everything practically cant survive without it,,,focus music,6
c016-09,p016,comment,r/ADHD,https://www.reddit.com/r/ADHD/comments/1hygpbp/for_those_of_you_who_listen_to_music_to_help_you/,2025-01-11,Daisydoo1432,"Jared Benjamin. also def depends on mood and what I’m trying to accomplish. My adhd boys have requested Deadmau5 to sleep, and I have fallen asleep right along with them to that repetitive beat.",jared benjamin also def depends on mood and what i m trying to accomplish my adhd boys have requested deadmau to sleep and i have fallen asleep right along with them to that repetitive beat,,,focus music,1
c016-10,p016,comment,r/ADHD,https://www.reddit.com/r/ADHD/comments/1hygpbp/for_those_of_you_who_listen_to_music_to_help_you/,2025-01-11,Primary_Ad1798,60s-70s music helps me concentrate. I love CCR & The Doors.,s s music helps me concentrate i love ccr the doors,,,focus music,4
c016-11,p016,comment,r/ADHD,https://www.reddit.com/r/ADHD/comments/1hygpbp/for_those_of_you_who_listen_to_music_to_help_you/,2025-01-11,BackgroundDisaster90,"Honestly it depends on the mood that I’m in. I’ll listen to a variety of things, including a top 40 playlist, classical music, lofi music, and albums of artists I enjoy (like Kendrick Lamar, Chappell Roan, Green Day, Weird Al, and various musical recordings). If I listen to a specific artist or album, it has to be an album that’s familiar to me - if it’s a new album, I’ll focus on the album rather than the work.",honestly it depends on the mood that i m in i ll listen to a variety of things including a top playlist classical music lofi music and albums of artists i enjoy like kendrick lamar chappell roan green day weird al and various musical recordings if i listen to a specific artist or album it has to be an album that s familiar to me if it s a new album i ll focus on the album rather than the work,,,focus music,1
c016-12,p016,comment,r/ADHD,https://www.reddit.com/r/ADHD/comments/1hygpbp/for_those_of_you_who_listen_to_music_to_help_you/,2025-01-11,Rumorly,"Depends on what I’m doing. If I’m cleaning, playing a game, like Minecraft or Stardew Valley, or anything where I don’t have to pay super close attention, I like loud music I can sing along to (the specific type depends on what my current music hyper-focus is).

But if I’m reading, I’ll listen to video game soundtracks. My main for this is the Dragon Age soundtracks. (Which also means that the theme music for all the fantasy romance books I read is from Dragon Age)",depends on what i m doing if i m cleaning playing a game like minecraft or stardew valley or anything where i don t have to pay super close attention i like loud music i can sing along to the specific type depends on what my current music hyper focus is but if i m reading i ll listen to video game soundtracks my main for this is the dragon age soundtracks which also means that the theme music for all the fantasy romance books i read is from dragon age,,,focus music,7
c016-13,p016,comment,r/ADHD,https://www.reddit.com/r/ADHD/comments/1hygpbp/for_those_of_you_who_listen_to_music_to_help_you/,2025-01-11,airysunshine,"Tbh most music as long as there’s something playing. A lot of songs without lyrics or anything slow or acoustic makes me feel sad or restless. Lofi is nice when I’m exhausted and trying to sleep- I like glitchxcity.

Any of my favorite songs/my main playlist is my go-to lol, and honestly if it’s outside of my regular playlist I’ll end up focusing on “what’s gonna come on next?” And not what I’m supposed to be doing.

But I can’t focus if there’s silence.",tbh most music as long as there s something playing a lot of songs without lyrics or anything slow or acoustic makes me feel sad or restless lofi is nice when i m exhausted and trying to sleep i like glitchxcity any of my favorite songs my main playlist is my go to lol and honestly if it s outside of my regular playlist i ll end up focusing on what s gonna come on next and not what i m supposed to be doing but i can t focus if there s silence,,,focus music,2
c016-14,p016,comment,r/ADHD,https://www.reddit.com/r/ADHD/comments/1hygpbp/for_those_of_you_who_listen_to_music_to_help_you/,2025-01-11,tinycarspreferred,"I gotta mix it up. This week a Medieval playlist. Classic jazz is generally good. I’ve found pop is fine - but easier to focus in languages other than my own. So I can’t tune in to the lyrics. Japanese 60s/70s pop, French/Algerian (my Mom used to play Enrico Macias growing up; stumbled on album Deb by Souad Massi). Russian accordion. Sometimes I’ll type in a country into Spotify and grab from a genre I’m feeling that day.

Alternate option: British gardening podcasts on BBC iplayer I have zero interest in gardening/plants but it’s kinda pleasant having them chat calmly in the background while I work. And it’s not the news.",i gotta mix it up this week a medieval playlist classic jazz is generally good i ve found pop is fine but easier to focus in languages other than my own so i can t tune in to the lyrics japanese s s pop french algerian my mom used to play enrico macias growing up stumbled on album deb by souad massi russian accordion sometimes i ll type in a country into spotify and grab from a genre i m feeling that day alternate option british gardening podcasts on bbc iplayer i have zero interest in gardening plants but it s kinda pleasant having them chat calmly in the background while i work and it s not the news,,,focus music,1
c016-15,p016,comment,r/ADHD,https://www.reddit.com/r/ADHD/comments/1hygpbp/for_those_of_you_who_listen_to_music_to_help_you/,2025-01-11,deleted user,"Pop punk! I do sing along either in my head or out loud but it doesn’t get in the way I think, it’s a distraction but it’s like a constant low level sort of distraction I think that helps me get on with ignoring or not looking for other distractions. Listening to Spotify DJ atm.",pop punk i do sing along either in my head or out loud but it doesn t get in the way i think it s a distraction but it s like a constant low level sort of distraction i think that helps me get on with ignoring or not looking for other distractions listening to spotify dj atm,,,focus music,1
c016-16,p016,comment,r/ADHD,https://www.reddit.com/r/ADHD/comments/1hygpbp/for_those_of_you_who_listen_to_music_to_help_you/,2025-01-11,Mcanneg,I love instrumental cover songs of popular music. My brain pays a little attention to try to guess the song or hum along but it’s not too distracting because there aren’t lyrics.,i love instrumental cover songs of popular music my brain pays a little attention to try to guess the song or hum along but it s not too distracting because there aren t lyrics,,,focus music,6
c016-17,p016,comment,r/ADHD,https://www.reddit.com/r/ADHD/comments/1hygpbp/for_those_of_you_who_listen_to_music_to_help_you/,2025-01-11,AnuNimasa,Jazz?,jazz,,,focus music,1
c016-18,p016,comment,r/ADHD,https://www.reddit.com/r/ADHD/comments/1hygpbp/for_those_of_you_who_listen_to_music_to_help_you/,2025-01-11,TumbleWeed75,Anything with a good beat that drowns out people noises.,anything with a good beat that drowns out people noises,,,focus music,1
c016-19,p016,comment,r/ADHD,https://www.reddit.com/r/ADHD/comments/1hygpbp/for_those_of_you_who_listen_to_music_to_help_you/,2025-01-11,AttentionTrue4660,Usually jazz or bossa nova,usually jazz or bossa nova,,,focus music,1
c016-20,p016,comment,r/ADHD,https://www.reddit.com/r/ADHD/comments/1hygpbp/for_those_of_you_who_listen_to_music_to_help_you/,2025-01-11,blockbusterbabe,"My need for background music expanded my music taste. I don’t speak either language but I love folky/classical Arabic and Spanish music. Listening to music in a different language helps me not focus too much on the song (because I don’t understand) and just enjoy it in the background.

On the flip side: this is a great exercise to keep your brain sharp and your worldview open!",my need for background music expanded my music taste i don t speak either language but i love folky classical arabic and spanish music listening to music in a different language helps me not focus too much on the song because i don t understand and just enjoy it in the background on the flip side this is a great exercise to keep your brain sharp and your worldview open,,,focus music,4
c016-21,p016,comment,r/ADHD,https://www.reddit.com/r/ADHD/comments/1hygpbp/for_those_of_you_who_listen_to_music_to_help_you/,2025-01-11,Late_Source8838,"Brown, pink, or white noise for days when I need to write or when focusing is really difficult. Usually just loud enough to hear. In less stressful days, but when I still need to get things done, I listen to Joe Satriani and related guitar-heavy instrumentals (whatever the algorithm brings). I like Americana when I’m just trying to exist and muddle through regular tasks.",brown pink or white noise for days when i need to write or when focusing is really difficult usually just loud enough to hear in less stressful days but when i still need to get things done i listen to joe satriani and related guitar heavy instrumentals whatever the algorithm brings i like americana when i m just trying to exist and muddle through regular tasks,,,focus music,0
c016-22,p016,comment,r/ADHD,https://www.reddit.com/r/ADHD/comments/1hygpbp/for_those_of_you_who_listen_to_music_to_help_you/,2025-01-11,Swordfish_Trombonist,Deep house,deep house,,,focus music,4
c016-23,p016,comment,r/ADHD,https://www.reddit.com/r/ADHD/comments/1hygpbp/for_those_of_you_who_listen_to_music_to_help_you/,2025-01-11,YpsitheFlintsider,"EDM songs, or normal hip hop/rock/whatever that I have years of tolerance of.",edm songs or normal hip hop rock whatever that i have years of tolerance of,,,focus music,7
c016-24,p016,comment,r/ADHD,https://www.reddit.com/r/ADHD/comments/1hygpbp/for_those_of_you_who_listen_to_music_to_help_you/,2025-01-11,brizzy500,"Somewhere between meditation and ambient music. When I need to focus, it needs to be slow and spacey.",somewhere between meditation and ambient music when i need to focus it needs to be slow and spacey,,,focus music,4
c016-25,p016,comment,r/ADHD,https://www.reddit.com/r/ADHD/comments/1hygpbp/for_those_of_you_who_listen_to_music_to_help_you/,2025-01-11,Defiant_Cantaloupe26,"Personally, modern classical/neoclassical/new age/I suck at naming genres. Soundtracks. Scott Buckley and Clint Mansell are favorites. Olafur Arnalds, Sigur Ros.

Other stuff, don't know what to call it. Post rock?

Hauschka, Audiomachine, One Hundred Years",personally modern classical neoclassical new age i suck at naming genres soundtracks scott buckley and clint mansell are favorites olafur arnalds sigur ros other stuff don t know what to call it post rock hauschka audiomachine one hundred years,,,focus music,7
c016-26,p016,comment,r/ADHD,https://www.reddit.com/r/ADHD/comments/1hygpbp/for_those_of_you_who_listen_to_music_to_help_you/,2025-01-11,Difficult_Standard_1,"90s techno, IDM, Glitch through my headphones….",s techno idm glitch through my headphones,,,focus music,1
c016-27,p016,comment,r/ADHD,https://www.reddit.com/r/ADHD/comments/1hygpbp/for_those_of_you_who_listen_to_music_to_help_you/,2025-01-11,ReyoRedwolf,"i like Boards of Canada. chill electronic, not too stimulating or distracting if i need to do focus but enough so i can listen and get something done.",i like boards of canada chill electronic not too stimulating or distracting if i need to do focus but enough so i can listen and get something done,,,focus music,6
c016-28,p016,comment,r/ADHD,https://www.reddit.com/r/ADHD/comments/1hygpbp/for_those_of_you_who_listen_to_music_to_help_you/,2025-01-11,a-chameleon-builds,I listen to a range of stuff. Buy generally strong neural effect music is what get's me into high gear focus.,i listen to a range of stuff buy generally strong neural effect music is what get s me into high gear focus,,,focus music,6
p017,p017,post,r/Productivity,https://www.reddit.com/r/productivity/comments/1olmjex/what_music_to_listen_for_workdeep_focus/,2025-11-01,Gigifigixd,"What music to listen for work/deep focus?
Question
I think the tittle says it all, but just in case I need music so I can focus on my work so there is not silence all the time. Thanks in advance!",what music to listen for work deep focus question i think the tittle says it all but just in case i need music so i can focus on my work so there is not silence all the time thanks in advance,,,focus music,4
c017-01,p017,comment,r/Productivity,https://www.reddit.com/r/productivity/comments/1olmjex/what_music_to_listen_for_workdeep_focus/,2025-11-01,3yl,"For me, it's heavy metal",for me it s heavy metal,,,focus music,1
c017-02,p017,comment,r/Productivity,https://www.reddit.com/r/productivity/comments/1olmjex/what_music_to_listen_for_workdeep_focus/,2025-11-01,ImmortalDawn666,For me melodic death and black metal,for me melodic death and black metal,,,focus music,1
c017-03,p017,comment,r/Productivity,https://www.reddit.com/r/productivity/comments/1olmjex/what_music_to_listen_for_workdeep_focus/,2025-11-01,jametent,Endel,endel,,,focus music,1
c017-04,p017,comment,r/Productivity,https://www.reddit.com/r/productivity/comments/1olmjex/what_music_to_listen_for_workdeep_focus/,2025-11-01,jtt36175,brain.fm,brain fm,,,focus music,6
c017-05,p017,comment,r/Productivity,https://www.reddit.com/r/productivity/comments/1olmjex/what_music_to_listen_for_workdeep_focus/,2025-11-01,Jimu_Monk9525,I’ve pleasantly enjoyed listening to Cozy Hogwarts Ambience on Spotify.,i ve pleasantly enjoyed listening to cozy hogwarts ambience on spotify,,,focus music,1
c017-06,p017,comment,r/Productivity,https://www.reddit.com/r/productivity/comments/1olmjex/what_music_to_listen_for_workdeep_focus/,2025-11-01,volticizer,I personally listen to synthwave but without lyrics. I get really in the zone and it makes me energetic and excited to get shit done.,i personally listen to synthwave but without lyrics i get really in the zone and it makes me energetic and excited to get shit done,,,focus music,3
c017-07,p017,comment,r/Productivity,https://www.reddit.com/r/productivity/comments/1olmjex/what_music_to_listen_for_workdeep_focus/,2025-11-01,No-Airport-1234,"I can’t read or concentrate listening to music with lyrics. So, for me, it’s Classic or Lo-Fi.",i can t read or concentrate listening to music with lyrics so for me it s classic or lo fi,,,focus music,4
c017-08,p017,comment,r/Productivity,https://www.reddit.com/r/productivity/comments/1olmjex/what_music_to_listen_for_workdeep_focus/,2025-11-01,Aware-Fix9964,"For me is no sudden drums, 40hz beats, calming and meditative.",for me is no sudden drums hz beats calming and meditative,,,focus music,4
c017-09,p017,comment,r/Productivity,https://www.reddit.com/r/productivity/comments/1olmjex/what_music_to_listen_for_workdeep_focus/,2025-11-01,ChatGodPT,Classical music. Tried after I heard that’s what Elon always played. Mozart and Bach.,classical music tried after i heard that s what elon always played mozart and bach,,,focus music,2
c017-10,p017,comment,r/Productivity,https://www.reddit.com/r/productivity/comments/1olmjex/what_music_to_listen_for_workdeep_focus/,2025-11-01,Top-Recording2333,I listen lofi from youtube,i listen lofi from youtube,,,focus music,5
c017-11,p017,comment,r/Productivity,https://www.reddit.com/r/productivity/comments/1olmjex/what_music_to_listen_for_workdeep_focus/,2025-11-01,Semi-Nerdy,"Video game music is meant to draw you in and focus. I enjoy Jeremy Soule (Skyrim) radio on Pandora, and add some Mass Effect. Movie Soundtracks work well too. A little Howard Shore (LOTR) or John Williams (Superman/Star Wars/Jurassic) or Max Richter (Leftovers) and of course Hans Zimmer (Interstellar, Galdiator)",video game music is meant to draw you in and focus i enjoy jeremy soule skyrim radio on pandora and add some mass effect movie soundtracks work well too a little howard shore lotr or john williams superman star wars jurassic or max richter leftovers and of course hans zimmer interstellar galdiator,,,focus music,4
c017-12,p017,comment,r/Productivity,https://www.reddit.com/r/productivity/comments/1olmjex/what_music_to_listen_for_workdeep_focus/,2025-11-01,Cool_Recording9401,Binaural 40 Hz beats as recommended by Dr. Huberman. ,binaural hz beats as recommended by dr huberman,,,focus music,6
c017-13,p017,comment,r/Productivity,https://www.reddit.com/r/productivity/comments/1olmjex/what_music_to_listen_for_workdeep_focus/,2025-11-01,okyeah93,Cafe jazz,cafe jazz,,,focus music,1
c017-14,p017,comment,r/Productivity,https://www.reddit.com/r/productivity/comments/1olmjex/what_music_to_listen_for_workdeep_focus/,2025-11-01,dinky_beans,liquid drum & bass,liquid drum bass,,,focus music,1
c017-15,p017,comment,r/Productivity,https://www.reddit.com/r/productivity/comments/1olmjex/what_music_to_listen_for_workdeep_focus/,2025-11-01,floatinbrain,I listen to lofi or ambient,i listen to lofi or ambient,,,focus music,5
c017-16,p017,comment,r/Productivity,https://www.reddit.com/r/productivity/comments/1olmjex/what_music_to_listen_for_workdeep_focus/,2025-11-01,Most_Depth709,"
It depends on personal preference. As a person with ADHD, I personally would recommend/choose the soundtracks of series and movies.

My reasoning:

You have repeating patterns that are not always directly repeating, but similar enough not to be too distracting. You have a strong core that gives you ""a tact to work with"" but has no songtext, so you don't accidentally sing and disrupt others. It gives enough stimulation to not feel outside of the world, but enough repetition so you feel cozy.

Additionally, it's similar enough to classical music to have (at least for me and some others) similar effects. - but for the assumed facts (the studies aren't fool-proof), I don't put my hand into the fire.",it depends on personal preference as a person with adhd i personally would recommend choose the soundtracks of series and movies my reasoning you have repeating patterns that are not always directly repeating but similar enough not to be too distracting you have a strong core that gives you a tact to work with but has no songtext so you don t accidentally sing and disrupt others it gives enough stimulation to not feel outside of the world but enough repetition so you feel cozy additionally it s similar enough to classical music to have at least for me and some others similar effects but for the assumed facts the studies aren t fool proof i don t put my hand into the fire,,,focus music,7
c017-17,p017,comment,r/Productivity,https://www.reddit.com/r/productivity/comments/1olmjex/what_music_to_listen_for_workdeep_focus/,2025-11-01,ChecklistAnimations,Orchestral Metal or Cyber Metal for me. I get my best work done during those times. I feel if the lyrics are not understandable at first listen I can just focus on getting work done.,orchestral metal or cyber metal for me i get my best work done during those times i feel if the lyrics are not understandable at first listen i can just focus on getting work done,,,focus music,4
c017-18,p017,comment,r/Productivity,https://www.reddit.com/r/productivity/comments/1olmjex/what_music_to_listen_for_workdeep_focus/,2025-11-01,Infamous_State_7127,endel has been incredible for me,endel has been incredible for me,,,focus music,1
c017-19,p017,comment,r/Productivity,https://www.reddit.com/r/productivity/comments/1olmjex/what_music_to_listen_for_workdeep_focus/,2025-11-01,repderp,Lord of the rings soundtrack ambience for me.,lord of the rings soundtrack ambience for me,,,focus music,1
c017-20,p017,comment,r/Productivity,https://www.reddit.com/r/productivity/comments/1olmjex/what_music_to_listen_for_workdeep_focus/,2025-11-01,Maittanee,"Any LoFi works for me.

I dont like the total silence, because then I hear every little step from my neighbors and be distracted. I cannot work with the white/brown/any color noise thing. I need music in the background which does not distract me. Neither nice sax solo or any text or even any nice piano play.
The typical LoFi-Girl on twitch/YouTube/YouTube Music helps me a lot.",any lofi works for me i dont like the total silence because then i hear every little step from my neighbors and be distracted i cannot work with the white brown any color noise thing i need music in the background which does not distract me neither nice sax solo or any text or even any nice piano play the typical lofi girl on twitch youtube youtube music helps me a lot,,,focus music,5
c017-21,p017,comment,r/Productivity,https://www.reddit.com/r/productivity/comments/1olmjex/what_music_to_listen_for_workdeep_focus/,2025-11-01,Glowing102,Biaaural bears for focus... Just type it into Spotify It's like magic!,biaaural bears for focus just type it into spotify it s like magic,,,focus music,1
c017-22,p017,comment,r/Productivity,https://www.reddit.com/r/productivity/comments/1olmjex/what_music_to_listen_for_workdeep_focus/,2025-11-01,no_one_66,Synthwave without lyrics,synthwave without lyrics,,,focus music,1
c017-23,p017,comment,r/Productivity,https://www.reddit.com/r/productivity/comments/1olmjex/what_music_to_listen_for_workdeep_focus/,2025-11-01,Goby99,Classical Guitar when I'm doing my lawyer stuff.,classical guitar when i m doing my lawyer stuff,,,focus music,7
c017-24,p017,comment,r/Productivity,https://www.reddit.com/r/productivity/comments/1olmjex/what_music_to_listen_for_workdeep_focus/,2025-11-02,NoSubstance6387,"For work I can’t listen to anything with a beat, but discovered I can really concentrate listening to ambient music. My favourite is Brian Eno’s ‘Music for Installations’",for work i can t listen to anything with a beat but discovered i can really concentrate listening to ambient music my favourite is brian eno s music for installations,,,focus music,3
c017-25,p017,comment,r/Productivity,https://www.reddit.com/r/productivity/comments/1olmjex/what_music_to_listen_for_workdeep_focus/,2025-11-02,Consistent_War_6891,Kenny G,kenny g,,,focus music,1
c017-26,p017,comment,r/Productivity,https://www.reddit.com/r/productivity/comments/1olmjex/what_music_to_listen_for_workdeep_focus/,2025-11-02,Rat_Girl69,"Endel also, but I am so burnt out at the moment from too many assignments/adhd/end of year that I’ve been working in bed with a tv show or movie in the background. It’s a comfort thing I think",endel also but i am so burnt out at the moment from too many assignments adhd end of year that i ve been working in bed with a tv show or movie in the background it s a comfort thing i think,,,focus music,0
c017-27,p017,comment,r/Productivity,https://www.reddit.com/r/productivity/comments/1olmjex/what_music_to_listen_for_workdeep_focus/,2025-11-02,Aebro99,Brown noise,brown noise,,,focus music,1
c017-28,p017,comment,r/Productivity,https://www.reddit.com/r/productivity/comments/1olmjex/what_music_to_listen_for_workdeep_focus/,2025-11-03,matthew_e_p,Try binaural beats over music if you want to have something over silence though don’t want the distraction of music. There are few apps,try binaural beats over music if you want to have something over silence though don t want the distraction of music there are few apps,,,focus music,6
c017-29,p017,comment,r/Productivity,https://www.reddit.com/r/productivity/comments/1olmjex/what_music_to_listen_for_workdeep_focus/,2025-11-05,Ok-Presentation296,Anime OST’s. Locks you right in.,anime ost s locks you right in,,,focus music,1
c017-30,p017,comment,r/Productivity,https://www.reddit.com/r/productivity/comments/1olmjex/what_music_to_listen_for_workdeep_focus/,2025-11-05,hughdavin,I think lofi is genre made for it,i think lofi is genre made for it,,,focus music,5
